"targets","layer","filename","fld_value","units","name","description","layer_gl","path_in","fld_id_num","fld_id_chr","fld_category","fld_year","fld_val_num","fld_val_chr","file_exists","year_min","year_max","val_min","val_max","val_0to1","flds_unused","flds_missing","rows_duplicated","num_ids_unique","data_na"
"AO","ao_access","ao_access_gl2017.csv","value","scaled 0-1","Artisanal fisheries opportunity","The opportunity for artisanal and recreational fishing based on the quality of management of the small-scale fishing sector","ao_access","~/github/ohi-global/eez/layers/ao_access.csv","rgn_id",,,"year","value",,TRUE,2013,2013,0.632,0.632,TRUE,,,,8,FALSE
"AO","ao_need","ao_need_gl2017.csv","value","scaled 0-1","Economic need for artisanal fishing","Per capita purchasing power parity (PPP) adjusted gross domestic product (GDP): GDPpcPPP as a proxy for subsistence fishing need","ao_need","~/github/ohi-global/eez/layers/ao_need.csv","rgn_id",,,"year","value",,TRUE,2005,2016,0.799046140685273,0.862361920041866,TRUE,,,,8,FALSE
"AO pressureCP pressureCS pressureCW pressureECO pressureFIS pressureHAB pressureICO pressureLIV pressureLSP pressureMAR pressureNP pressureSPP pressureTR pressure","ss_spi","ss_spi_gl2017.csv","pressure_score","scaled 0-1","Weakness of social progress","Inverse of Social Progress Index scores","ss_spi","~/github/ohi-global/eez/layers/ss_spi.csv","rgn_id",,,"year","pressure_score",,TRUE,2014,2017,0.0980583333333329,0.101658333333333,TRUE,,,,8,FALSE
"AO pressureCP pressureCS pressureCW pressureECO pressureFIS pressureHAB pressureICO pressureLIV pressureLSP pressureMAR pressureNP pressureSPP pressureTR pressure","ss_wgi","ss_wgi_gl2017.csv","pressure_score","scaled 0-1","Weakness of governance","Inverse of World Governance Indicators (WGI) six combined scores","ss_wgi","~/github/ohi-global/eez/layers/ss_wgi.csv","rgn_id",,,"year","pressure_score",,TRUE,1996,2015,0.16525327761968,0.190789300203323,TRUE,,,,8,FALSE
"AO pressureCP pressureCS pressureECO pressureFIS pressureHAB pressureICO pressureLIV pressureLSP pressureNP pressureSPP pressure","hd_intertidal","hd_intertidal_gl2017.csv","pressure_score","scaled 0-1","Intertidal habitat destruction","Coastal population density (25 mi from shore)  as a proxy for intertidal habitat destruction","hd_intertidal","~/github/ohi-global/eez/layers/hd_intertidal.csv","rgn_id",,,"year","pressure_score",,TRUE,2000,2020,0.155455379223774,0.168617049082277,TRUE,,,,8,FALSE
"AO pressureCP pressureCS pressureECO pressureFIS pressureHAB pressureICO pressureLIV pressureLSP pressureNP pressureSPP pressure","sp_alien","sp_alien_gl2017.csv","pressures.score","scaled 0-1","Nonindigenous species","Measure of harmful invasive species","sp_alien","~/github/ohi-global/eez/layers/sp_alien.csv","rgn_id",,,,"pressures.score",,TRUE,,,0.259772406470939,0.259772406470939,TRUE,,,,8,FALSE
"AO pressureCP pressureECO pressureFIS pressureHAB pressureICO pressureLIV pressureLSP pressureNP pressureSPP pressure","hd_subtidal_hb","hd_subtidal_hb_gl2017placeholder.csv","score","scaled 0-1","Subtidal hardbottom habitat destruction","High bycatch artisanal fishing practices (blast fishing) as a proxy for subtidal hard bottom habitat destruction","hd_subtidal_hb","~/github/ohi-global/eez/layers/hd_subtidal_hb.csv","rgn_id",,,"year","score",,TRUE,2017,2017,0,0,TRUE,,,,8,FALSE
"AO pressureECO pressureFIS pressureHAB pressureICO pressureLIV pressureNP pressureSPP pressure","fp_art_hb","fp_art_hb_gl2017placeholder.csv","pressure_score","scaled 0-1","High bycatch due to artisanal fishing","Presence of destructive artisanal blast and poison (cyanide) fishing.","fp_art_hb","~/github/ohi-global/eez/layers/fp_art_hb.csv","rgn_id",,,"year","pressure_score",,TRUE,2017,2017,0,0,TRUE,,,,8,FALSE
"AO pressureECO pressureFIS pressureHAB pressureICO pressureLIV pressureSPP pressure","fp_com_hb","fp_com_hb_gl2017.csv","pressure_score","scaled 0-1","High bycatch due to commercial fishing","Modeled destructive commercial fishing practices by 5 gear types and scaled by Net Primary Productivity","fp_com_hb","~/github/ohi-global/eez/layers/fp_com_hb.csv","rgn_id",,,"year","pressure_score",,TRUE,2007,2014,0.155978902835977,0.183252963684699,TRUE,,,,8,FALSE
"AO pressureECO pressureFIS pressureHAB pressureLIV pressureNP pressureSPP pressure","fp_com_lb","fp_com_lb_gl2017.csv","pressure_score","scaled 0-1","Low bycatch due to commercial fishing","Modeled destructive commercial fishing practices by 2 gear types and scaled by Net Primary Productivity","fp_com_lb","~/github/ohi-global/eez/layers/fp_com_lb.csv","rgn_id",,,"year","pressure_score",,TRUE,2007,2014,0.0801750466540263,0.104225046468263,TRUE,,,,8,FALSE
"AO pressureECO pressureFIS pressureHAB pressureLIV pressureNP pressureSPP pressure","hd_subtidal_sb","hd_subtidal_sb_gl2017.csv","pressure_score","scaled 0-1","Subtidal soft bottom habitat destruction","Demersal destructive commercial fishing practices (i.e., trawling) in soft bottom habitat as a proxy for soft bottom habitat destruction","hd_subtidal_sb","~/github/ohi-global/eez/layers/hd_subtidal_sb.csv","rgn_id",,,"year","pressure_score",,TRUE,2003,2014,0,0,TRUE,,,,8,FALSE
"AO resilienceCP resilienceCS resilienceCW resilienceECO resilienceFIS resilienceHAB resilienceICO resilienceLIV resilienceLSP resilienceMAR resilienceNP resilienceSPP resilienceTR resilience","res_spi","res_spi_gl2017.csv","resilience_score","scaled 0-1","Social Progress Index","Social Progress Index scores","res_spi","~/github/ohi-global/eez/layers/res_spi.csv","rgn_id",,,"year","resilience_score",,TRUE,2014,2017,0.898341666666667,0.901941666666667,TRUE,,,,8,FALSE
"AO resilienceCP resilienceCS resilienceCW resilienceECO resilienceFIS resilienceHAB resilienceICO resilienceLIV resilienceLSP resilienceMAR resilienceNP resilienceSPP resilienceTR resilience","wgi_all","wgi_all_gl2017.csv","resilience_score","scaled 0-1","Strength of governance","World Governance Indicators (WGI) six combined scores","wgi_all","~/github/ohi-global/eez/layers/wgi_all.csv","rgn_id",,,"year","resilience_score",,TRUE,1996,2015,0.809210699796677,0.83474672238032,TRUE,,,,8,FALSE
"AO resilienceCP resilienceCS resilienceFIS resilienceHAB resilienceICO resilienceLSP resilienceNP resilienceSPP resilience","hd_habitat","hd_habitat_gl2017.csv","resilience score","scaled 0-1","Management of habitat to protect habitat biodiversity","Survey responses by country to the Convention on Biological Diversity (CBD) Third National Report: habitat related questions","hd_habitat","~/github/ohi-global/eez/layers/hd_habitat.csv","rgn_id",,,,"resilience.score",,TRUE,,,0.863636363636364,0.863636363636364,TRUE,,,,8,FALSE
"AO resilienceCP resilienceCS resilienceHAB resilienceNP resilience","hd_mpa_coast","hd_mpa_coast_gl2017.csv","resilience.score","scaled 0-1","Coastal protected marine areas (habitat preservation)","Protected marine areas within 3nm of coastline (lasting special places goal status score)","hd_mpa_coast","~/github/ohi-global/eez/layers/hd_mpa_coast.csv","rgn_id",,,"year","resilience.score",,TRUE,2011,2017,0.161622146976417,0.170073564990895,TRUE,,,,8,FALSE
"AO resilienceFIS resilienceHAB resilienceICO resilienceNP resilienceSPP resilience","fp_habitat","fp_habitat_gl2017.csv","resilience score","scaled 0-1","Management of habitat to protect fisheries biodiversity","Survey responses by country to the Convention on Biological Diversity (CBD) Third National Report: habitat related questions","fp_habitat","~/github/ohi-global/eez/layers/fp_habitat.csv","rgn_id",,,,"resilience.score",,TRUE,,,0.863636363636364,0.863636363636364,TRUE,,,,8,FALSE
"AO resilienceFIS resilienceHAB resilienceICO resilienceNP resilienceSPP resilience","fp_mora","fp_mora_gl2017.csv","value","scaled 0-1","Commercial fishing management","Regulations and management of commerical fishing","fp_mora","~/github/ohi-global/eez/layers/fp_mora.csv","rgn_id",,,,"value",,TRUE,,,0.5832177930095,0.5832177930095,TRUE,,,,8,FALSE
"AO resilienceHAB resilienceNP resilience","fp_mpa_coast","fp_mpa_coast_gl2017.csv","resilience.score","scaled 0-1","Coastal protected marine areas (fishing preservation)","Protected marine areas within 3nm of coastline (lasting special places goal status score)","fp_mpa_coast","~/github/ohi-global/eez/layers/fp_mpa_coast.csv","rgn_id",,,"year","resilience.score",,TRUE,2011,2017,0.161622146976417,0.170073564990895,TRUE,,,,8,FALSE
"AO resilienceHAB resilienceNP resilience","species_diversity_3nm","species_diversity_3nm_gl2017.csv","score","scaled 0-1","Measure of coastal ecological integrity","Marine species condition (same calculation and data as the species subgoal status score)  calculated within 3 nm of shoreline as a proxy for ecological integrity","species_diversity_3nm","~/github/ohi-global/eez/layers/species_diversity_3nm.csv","rgn_id",,,,"score",,TRUE,,,0.88211121846724,0.88211121846724,TRUE,,,,8,FALSE
"CP","hab_coral_extent","hab_coral_extent_gl2017placeholder.csv","km2","km2","Habitat extent of coral","Area of coral habitat","hab_coral_extent","~/github/ohi-global/eez/layers/hab_coral_extent.csv","rgn_id",,"habitat","year","km2",,TRUE,2017,2017,2017,2017,FALSE,,,,8,FALSE
"CP","hab_seaice_extent","hab_seaice_extent_gl2017.csv","km2","km2","Habitat extent of seaice","Area of seaice (edge and shoreline) habitat","hab_seaice_extent","~/github/ohi-global/eez/layers/hab_seaice_extent.csv","rgn_id",,"habitat","year","km2",,TRUE,2016,2016,504045.928030303,702949.810606063,FALSE,,,,8,FALSE
"CP pressureCS pressureECO pressureHAB pressureICO pressureNP pressureSPP pressure","cc_acid","cc_acid_gl2017.csv","pressure_score","scaled 0-1","Ocean acidification","Ocean acidification pressure scaled using biological thresholds","cc_acid","~/github/ohi-global/eez/layers/cc_acid.csv","rgn_id",,,"year","pressure_score",,TRUE,1958,2020,0.548841910890671,0.762727444165303,TRUE,,,,8,FALSE
"CP pressureCS pressureECO pressureHAB pressureICO pressureNP pressureSPP pressure","cc_sst","cc_sst_gl2017.csv","pressure_score","scaled 0-1","Sea surface temperature","Sea surface temperature anomalies","cc_sst","~/github/ohi-global/eez/layers/cc_sst.csv","rgn_id",,,"year","pressure_score",,TRUE,2012,2016,0.168927189766194,0.223701113649963,TRUE,,,,8,FALSE
"CP pressureCS pressureECO pressureHAB pressureLIV pressureLSP pressureMAR pressureNP pressureTR pressure","cc_slr","cc_slr_gl2017.csv","pressure_score","scaled 0-1","Sea level rise","Sea level rise pressure","cc_slr","~/github/ohi-global/eez/layers/cc_slr.csv","rgn_id",,,"year","pressure_score",,TRUE,1993,2016,0.0343808561868919,0.196550841212544,TRUE,,,,8,FALSE
"CP pressureHAB pressureNP pressureSPP pressure","cc_uv","cc_uv_gl2017.csv","pressure_score","scaled 0-1","UV radiation","Modeled UV radiation","cc_uv","~/github/ohi-global/eez/layers/cc_uv.csv","rgn_id",,,"year","pressure_score",,TRUE,2009,2016,0,0.213926219645959,TRUE,,,,8,FALSE
"CP resilienceCS resilienceCW resilienceHAB resilienceICO resilienceLSP resilienceMAR resilienceNP resilienceSPP resilienceTR resilience","po_water","po_water_gl2017.csv","resilience score","scaled 0-1","Management of waters to preserve biodiversity","Survey responses by country to the Convention on Biological Diversity (CBD) Third National Report: tourism related questions","po_water","~/github/ohi-global/eez/layers/po_water.csv","rgn_id",,,,"resilience.score",,TRUE,,,0.5,0.5,TRUE,,,,8,FALSE
"CPHAB","hab_coral_health","hab_coral_health_gl2017placeholder.csv","health","proportion","Habitat condition of coral","Current condition of coral habitat relative to historical condition","hab_coral_health","~/github/ohi-global/eez/layers/hab_coral_health.csv","rgn_id",,"habitat","year","health",,TRUE,2017,2017,2017,2017,FALSE,,,,8,FALSE
"CPHAB","hab_coral_trend","hab_coral_trend_gl2017placeholder.csv","trend","trend","Habitat condition trend of coral","Estimated change in coral condition","hab_coral_trend","~/github/ohi-global/eez/layers/hab_coral_trend.csv","rgn_id",,"habitat","year","trend",,TRUE,2017,2017,2017,2017,FALSE,,,,8,FALSE
"CPHAB","hab_seaice_health","hab_seaice_health_gl2017.csv","health","proportion","Habitat condition of seaice","Current condition of seaice habitat relative to historical condition","hab_seaice_health","~/github/ohi-global/eez/layers/hab_seaice_health.csv","rgn_id",,"habitat","year","health",,TRUE,2006,2016,0.858848929198233,1,TRUE,,,,8,FALSE
"CPHAB","hab_seaice_trend","hab_seaice_trend_gl2017.csv","trend","trend","Habitat condition trend of seaice","Estimated change in seaice condition","hab_seaice_trend","~/github/ohi-global/eez/layers/hab_seaice_trend.csv","rgn_id",,"habitat","year","trend",,TRUE,2010,2016,-0.0996898941991995,0.16423995340713,FALSE,,,,8,FALSE
"CSCP","hab_mangrove_extent","hab_mangrove_extent_gl2017.csv","km2","km2","Habitat extent of mangrove","Area of mangrove habitat","hab_mangrove_extent","~/github/ohi-global/eez/layers/hab_mangrove_extent.csv","rgn_id",,"habitat","year","km2",,TRUE,2015,2015,0,0,TRUE,,,,8,FALSE
"CSCP","hab_saltmarsh_extent","hab_saltmarsh_extent_gl2017.csv","km2","km2","Habitat extent of saltmarsh","Area of saltmarsh habitat","hab_saltmarsh_extent","~/github/ohi-global/eez/layers/hab_saltmarsh_extent.csv","rgn_id",,"habitat","year","km2",,TRUE,2012,2012,440,440,FALSE,,,,8,FALSE
"CSCP","hab_seagrass_extent","hab_seagrass_extent_gl2017.csv","km2","km2","Habitat extent of seagrass","Area of seagrass habitat","hab_seagrass_extent","~/github/ohi-global/eez/layers/hab_seagrass_extent.csv","rgn_id",,"habitat","year","km2",,TRUE,2012,2012,3.493,3.493,FALSE,,,,8,FALSE
"CSHABCP","hab_mangrove_health","hab_mangrove_health_gl2017placeholder.csv","health","proportion","Habitat condition of mangrove","Current condition of mangrove habitat relative to historical condition","hab_mangrove_health","~/github/ohi-global/eez/layers/hab_mangrove_health.csv","rgn_id",,"habitat","year","health",,TRUE,2017,2017,2017,2017,FALSE,,,,8,FALSE
"CSHABCP","hab_mangrove_trend","hab_mangrove_trend_gl2017placeholder.csv","trend","trend","Habitat condition trend of mangrove","Estimated change in mangrove condition","hab_mangrove_trend","~/github/ohi-global/eez/layers/hab_mangrove_trend.csv","rgn_id",,"habitat","year","trend",,TRUE,2017,2017,2017,2017,FALSE,,,,8,FALSE
"CSHABCP","hab_saltmarsh_health","hab_saltmarsh_health_gl2017.csv","health","proportion","Habitat condition of saltmarsh","Current condition of saltmarsh habitat relative to historical condition","hab_saltmarsh_health","~/github/ohi-global/eez/layers/hab_saltmarsh_health.csv","rgn_id",,"habitat","year","health",,TRUE,2012,2012,0.5,0.5,TRUE,,,,8,FALSE
"CSHABCP","hab_saltmarsh_trend","hab_saltmarsh_trend_gl2017.csv","trend","trend","Habitat condition trend of saltmarsh","Estimated change in saltmarsh condition","hab_saltmarsh_trend","~/github/ohi-global/eez/layers/hab_saltmarsh_trend.csv","rgn_id",,"habitat","year","trend",,TRUE,2012,2012,0,0,TRUE,,,,8,FALSE
"CSHABCP","hab_seagrass_health","hab_seagrass_health_gl2017.csv","health","proportion","Habitat condition of seagrass","Current condition of seagrass habitat relative to historical condition","hab_seagrass_health","~/github/ohi-global/eez/layers/hab_seagrass_health.csv","rgn_id",,"habitat","year","health",,TRUE,2012,2012,1,1,TRUE,,,,8,FALSE
"CSHABCP","hab_seagrass_trend","hab_seagrass_trend_gl2017placeholder.csv","trend","trend","Habitat condition trend of seagrass","Estimated change in seagrass condition","hab_seagrass_trend","~/github/ohi-global/eez/layers/hab_seagrass_trend.csv","rgn_id",,"habitat","year","trend",,TRUE,2017,2017,2017,2017,FALSE,,,,8,FALSE
"CW","cw_chemical_trend","cw_chemical_trend_gl2017.csv","trend","trend","Chemical pollution trend","Trends in chemical pollution, based on commercial shipping traffic, ports and harbors, land-based pesticide use (organic pollution), and urban runoff (inorganic pollution) within EEZ","cw_chemical_trend","~/github/ohi-global/eez/layers/cw_chemical_trend.csv","rgn_id",,,"year","trend",,TRUE,2012,2016,-0.0062,0.0039,FALSE,,,,8,FALSE
"CW","cw_nutrient_trend","cw_nutrient_trend_gl2017.csv","trend","trend","Nutrient pollution trend","Trends in nutrient pollution, based on fertilizer consumption as a proxy for nutrient pollution","cw_nutrient_trend","~/github/ohi-global/eez/layers/cw_nutrient_trend.csv","rgn_id",,,"year","trend",,TRUE,2012,2016,-0.2599,0.2221,FALSE,,,,8,FALSE
"CW","cw_pathogen_trend","cw_pathogen_trend_gl2017.csv","trend","trend","Pathogen pollution trend","Trends in percent of population without access to improved sanitation facilities as a proxy for pathogen pollution","cw_pathogen_trend","~/github/ohi-global/eez/layers/cw_pathogen_trend.csv","rgn_id",,,"year","trend",,TRUE,2012,2015,0.01,0.01,TRUE,,,,8,FALSE
"CW","cw_trash_trend","cw_trash_trend_gl2017.csv","trend","trend","Plastic trash trends","Trends in trash estimated using improperly disposed of plastics","cw_trash_trend","~/github/ohi-global/eez/layers/cw_trash_trend.csv","rgn_id",,,"year","trend",,TRUE,2016,2016,0.280981697868241,0.280981697868241,TRUE,,,,8,FALSE
"CWAO pressureCP pressureCS pressureCW pressureECO pressureHAB pressureICO pressureLIV pressureLSP pressureMAR pressureTR pressure","po_nutrients_3nm","po_nutrients_3nm_gl2017.csv","pressure_score","scaled 0-1","Coastal nutrient pollution","Modeled nutrient pollution within EEZ based on fertilizer consumption","po_nutrients_3nm","~/github/ohi-global/eez/layers/po_nutrients_3nm.csv","rgn_id",,,"year","pressure_score",,TRUE,2012,2016,0.0133524587586037,0.0163272946303518,TRUE,,,,8,FALSE
"CWAO pressureCP pressureCS pressureCW pressureHAB pressureICO pressureLSP pressureTR pressure","po_chemicals_3nm","po_chemicals_3nm_gl2017.csv","pressure_score","scaled 0-1","Coastal chemical pollution","Modeled chemical pollution within 3nm of coastline from commercial shipping traffic, ports and harbors, land-based pesticide use (organic pollution), and urban runoff (inorganic pollution)","po_chemicals_3nm","~/github/ohi-global/eez/layers/po_chemicals_3nm.csv","rgn_id",,,"year","pressure_score",,TRUE,2012,2016,0.0800221987052208,0.0806694353702938,TRUE,,,,8,FALSE
"CWCW pressureECO pressureICO pressureLIV pressureLSP pressureSPP pressureTR pressure","po_trash","po_trash_gl2017.csv","pressure_score","scaled 0-1","Marine plastics","Global marine plastic pollution","po_trash","~/github/ohi-global/eez/layers/po_trash.csv","rgn_id",,,"year","pressure_score",,TRUE,2015,2015,0.22874559989736,0.22874559989736,TRUE,,,,8,FALSE
"CWCW pressureECO pressureLIV pressureTR pressure","po_pathogens","po_pathogens_gl2017.csv","pressure_score","scaled 0-1","Pathogen pollution","Percent of population without access to improved sanitation facilities as a proxy for pathogen pollution","po_pathogens","~/github/ohi-global/eez/layers/po_pathogens.csv","rgn_id",,,"year","pressure_score",,TRUE,2012,2015,0.00076147026642225,0.000763682761466855,TRUE,,,,8,FALSE
"ECO","le_gdp","le_gdp_gl2017.csv","usd","2012 USD","GDP","Gross Domestic Product (GDP) (adjustment for economies trend calculation)","le_gdp","~/github/ohi-global/eez/layers/le_gdp.csv","rgn_id",,,"year","usd",,TRUE,1998,2011,6.16766e+11,1.73605e+12,FALSE,,,,8,FALSE
"ECO pressureFIS pressureHAB pressureLIV pressureNP pressureSPP pressure","fp_art_lb","fp_art_lb_gl2017.csv","pressure_score","scaled 0-1","Low bycatch due to artisanal fishing","Extent of artisanal fishing (including: artisanal, subsistence, and recreational catch)","fp_art_lb","~/github/ohi-global/eez/layers/fp_art_lb.csv","rgn_id",,,"year","pressure_score",,TRUE,2007,2014,0.0602010716433332,0.063663338222952,TRUE,,,,8,FALSE
"ECO pressureFIS pressureLIV pressureMAR pressureNP pressureSPP pressure","po_chemicals","po_chemicals_gl2017.csv","pressure_score","scaled 0-1","Chemical pollution","Modeled chemical pollution within EEZ from commercial shipping traffic, ports and harbors, land-based pesticide use (organic pollution), and urban runoff (inorganic pollution)","po_chemicals","~/github/ohi-global/eez/layers/po_chemicals.csv","rgn_id",,,"year","pressure_score",,TRUE,2012,2016,0.0837883055338255,0.0838673706002766,TRUE,,,,8,FALSE
"ECO pressureFIS pressureLIV pressureNP pressureSPP pressure","po_nutrients","po_nutrients_gl2017.csv","pressure_score","scaled 0-1","Nutrient pollution","Modeled nutrient pollution within 3nm of coastline based on fertilizer consumption","po_nutrients","~/github/ohi-global/eez/layers/po_nutrients.csv","rgn_id",,,"year","pressure_score",,TRUE,2012,2016,0.00170164596825125,0.00206212349124595,TRUE,,,,8,FALSE
"ECO pressureFIS pressureLIV pressureSPP pressure","sp_genetic","sp_genetic_gl2017.csv","pressure_score","scaled 0-1","Genetic escapes","Introduced mariculture species (Mariculture Sustainability Index) as a proxy for genetic escapes","sp_genetic","~/github/ohi-global/eez/layers/sp_genetic.csv","rgn_id",,,"year","pressure_score",,TRUE,1950,2015,0.170332230557692,0.676796757373266,TRUE,,,,8,FALSE
"ECO resilienceLIV resilience","li_gci","li_gci_gl2017.csv","resilience_score","scaled","Global Competitiveness Index (GCI) scores","Competitiveness in achieving sustained economic prosperity","li_gci","~/github/ohi-global/eez/layers/li_gci.csv","rgn_id",,,"year","resilience_score",,TRUE,2010,2016,0.742786488857143,0.761775935142857,TRUE,,,,8,FALSE
"ECOLIV","le_sector_weight","le_sector_weight_gl2017.csv","weight","value","Sectors in each region","Proportion of jobs within each sector","le_sector_weight","~/github/ohi-global/eez/layers/le_sector_weight.csv","rgn_id",,"sector",,"weight",,TRUE,,,1,1,TRUE,,,,8,FALSE
"FIS","fis_b_bmsy","fis_b_bmsy_gl2017.csv","bbmsy","B/Bmsy","B/Bmsy estimates","The ratio of fish population abundance compared to the abundance required to deliver maximum sustainable yield (RAM data and catch-MSY)","fis_b_bmsy","~/github/ohi-global/eez/layers/fis_b_bmsy.csv","rgn_id",,"stock_id","year","bbmsy",,TRUE,2001,2014,0.015,4.00636942675159,FALSE,,,,8,FALSE
"FIS","fis_meancatch","fis_meancatch_gl2017.csv","mean_catch","tonnes","Fishery catch data","Mean commercial catch for each OHI region (averaged across years)","fis_meancatch","~/github/ohi-global/eez/layers/fis_meancatch.csv","rgn_id",,"stock_id_taxonkey","year","mean_catch",,TRUE,2001,2014,2.23443014536242e-10,251267.567513427,FALSE,,,,8,FALSE
"FIS resilienceHAB resilienceICO resilienceNP resilience","species_diversity_eez","species_diversity_eez_gl2017.csv","score","scaled 0-1","Measure of ecological integrity","Marine species condition (species subgoal status score) as a proxy for ecological integrity","species_diversity_eez","~/github/ohi-global/eez/layers/species_diversity_eez.csv","rgn_id",,,,"score",,TRUE,,,0.877814168556973,0.877814168556973,TRUE,,,,8,FALSE
"FIS resilienceHAB resilienceICO resilienceNP resilienceSPP resilience","fp_mora_artisanal","fp_mora_artisanal_gl2017.csv","value","scaled 0-1","Artisanal fisheries management effectiveness","Quality of management of small-scale fishing for artisanal and recreational purposes","fp_mora_artisanal","~/github/ohi-global/eez/layers/fp_mora_artisanal.csv","rgn_id",,,,"value",,TRUE,,,0.632,0.632,TRUE,,,,8,FALSE
"FIS resilienceHAB resilienceICO resilienceNP resilienceSPP resilience","fp_mpa_eez","fp_mpa_eez_gl2017.csv","resilience.score","scaled 0-1","EEZ protected marine areas (fishing preservation)","Protected marine areas within EEZ (lasting special places calculation applied to the entire EEZ)","fp_mpa_eez","~/github/ohi-global/eez/layers/fp_mpa_eez.csv","rgn_id",,,"year","resilience.score",,TRUE,2011,2017,0.0286152620183516,0.0297730729518558,TRUE,,,,8,FALSE
"FIS resilienceHAB resilienceICO resilienceNP resilienceSPP resilience","hd_mpa_eez","hd_mpa_eez_gl2017.csv","resilience.score","scaled 0-1","EEZ protected marine areas (habitat preservation)","Protected marine areas within EEZ (lasting special places calculation applied to the entire EEZ)","hd_mpa_eez","~/github/ohi-global/eez/layers/hd_mpa_eez.csv","rgn_id",,,"year","resilience.score",,TRUE,2011,2017,0.0286152620183516,0.0297730729518558,TRUE,,,,8,FALSE
"FP","fp_wildcaught_weight","fp_wildcaught_weight_gl2017.csv","w_fis","proportion","Food provision weights","Proportion of wild caught fisheries relative to total food production (e.g., fisheries and mariculture)","fp_wildcaught_weight","~/github/ohi-global/eez/layers/fp_wildcaught_weight.csv","rgn_id",,,"year","w_fis",,TRUE,2005,2014,0.849926263560139,0.8996773495884,TRUE,,,,8,FALSE
"HAB","hab_softbottom_health","hab_softbottom_health_gl2017.csv","health","proportion","Habitat condition of softbottom","Current condition of softbottom habitat (trawling fishing pressure used as proxy)","hab_softbottom_health","~/github/ohi-global/eez/layers/hab_softbottom_health.csv","rgn_id",,"habitat","year","health",,TRUE,2003,2014,1,1,TRUE,,,,8,FALSE
"HAB","hab_softbottom_trend","hab_softbottom_trend_gl2017.csv","trend","trend","Habitat condition trend of softbottom","Estimated change in softbottom condition","hab_softbottom_trend","~/github/ohi-global/eez/layers/hab_softbottom_trend.csv","rgn_id",,"habitat","year","trend",,TRUE,2010,2014,0,0,TRUE,,,,8,FALSE
"HAB resilienceMAR resilienceSPP resilience","g_mariculture","g_mariculture_gl2017.csv","resilience score","scaled 0-1","Management of mariculture  to preserve biodiversity","Survey responses by country to the Convention on Biological Diversity (CBD) Third National Report: mariculture related questions","g_mariculture","~/github/ohi-global/eez/layers/g_mariculture.csv","rgn_id",,,,"resilience.score",,TRUE,,,1,1,TRUE,,,,8,FALSE
"HAB resilienceSPP resilience","g_tourism","g_tourism_gl2017.csv","resilience score","scaled 0-1","Management of tourism to preserve biodiversity","Survey responses by country to the Convention on Biological Diversity (CBD) Third National Report: tourism related questions","g_tourism","~/github/ohi-global/eez/layers/g_tourism.csv","rgn_id",,,,"resilience.score",,TRUE,,,0.9444444444445,0.9444444444445,TRUE,,,,8,FALSE
"ICO","ico_spp_iucn_status","ico_spp_iucn_status_gl2017.csv","category","IUCN risk category","IUCN extinction risk","IUCN extinction risk category for iconic species located within each region","ico_spp_iucn_status","~/github/ohi-global/eez/layers/ico_spp_iucn_status.csv","rgn_id",,"sciname","year",,"category",TRUE,2000,2016,,,FALSE,"iucn_sid",,952,8,
"ICO pressureSPP pressure","fp_targetharvest","fp_targetharvest_gl2017.csv","pressure_score","scaled 0-1","Targeted harvest of cetaceans and marine turtles","Targeted harvest of cetaceans and marine turtles","fp_targetharvest","~/github/ohi-global/eez/layers/fp_targetharvest.csv","rgn_id",,,"year","pressure_score",,TRUE,1950,2015,0,1,TRUE,,,,8,FALSE
"ICO resilienceNP resilienceSPP resilience","g_cites","g_cites_gl2017.csv","resilience_score","0 or 1","CITES signatories","Convention on International Trade in Endangered Species of Wild Fauna and Flora (CITES) signatories","g_cites","~/github/ohi-global/eez/layers/g_cites.csv","rgn_id",,,"year","resilience_score",,TRUE,2010,2017,1,1,TRUE,,,,8,FALSE
"LIV","le_jobs_sector_year","le_jobs_sector_year_gl2017.csv","value","number of jobs","Jobs for each sector and year","Number of jobs in each sector, region, and year. (livelihoods jobs trend calculation)","le_jobs_sector_year","~/github/ohi-global/eez/layers/le_jobs_sector_year.csv","rgn_id",,"sector","year","value",,TRUE,1999,2010,8.695,332943.422695,FALSE,"analysis_year",,144,8,FALSE
"LIV","le_popn","le_popn_gl2017.csv","count","number of people","Total human population","Human population of OHI regions (used in livelihoods and economies goal to set values for regions with no humans)","le_popn","~/github/ohi-global/eez/layers/le_popn.csv","rgn_id",,,"year","count",,TRUE,1960,2012,17909009,34880491,FALSE,,,,8,FALSE
"LIV","le_unemployment","le_unemployment_gl2017.csv","percent","proportion","Unemployment","Unemployment data from the World Bank (livelihoods jobs trend adjusment)","le_unemployment","~/github/ohi-global/eez/layers/le_unemployment.csv","rgn_id",,,"year","percent",,TRUE,1999,2010,6.00533832000001,8.25970273,FALSE,,,,8,FALSE
"LIV","le_wage_sector_year","le_wage_sector_year_gl2017.csv","value","2010 USD","Wages for each sector and year","Wages for each sector, region, and year (livelihoods wage trend calculation)","le_wage_sector_year","~/github/ohi-global/eez/layers/le_wage_sector_year.csv","rgn_id",,"sector","year","value",,TRUE,1997,2008,15095.1508524751,79921.5119190706,FALSE,"analysis_year",,120,8,FALSE
"LIV","le_workforcesize_adj","le_workforcesize_adj_gl2017.csv","jobs","number of jobs","Adjusted workforce size","Total labor force (number of people) from the World Bank  (within region sector weight for livelihoods)","le_workforcesize_adj","~/github/ohi-global/eez/layers/le_workforcesize_adj.csv","rgn_id",,,"year","jobs",,TRUE,1990,2012,14720069.8601399,19341079.2423086,FALSE,,,,8,FALSE
"LIV resilience","li_sector_evenness","li_sector_evenness_gl2017.csv","resilience score","scaled","Economic diversity","Sector evenness based on Shannon's Diversity Index calculated on the proportion of jobs in each sector as a measure of economic diversity","li_sector_evenness","~/github/ohi-global/eez/layers/li_sector_evenness.csv","rgn_id",,,,"resilience.score",,TRUE,,,0.331301519479,0.331301519479,TRUE,,,,8,FALSE
"LSP","lsp_prot_area_inland1km","lsp_prot_area_inland1km_gl2017.csv","a_prot_1km","km2","Inland coastal protected areas","Protected areas located 1 km inland","lsp_prot_area_inland1km","~/github/ohi-global/eez/layers/lsp_prot_area_inland1km.csv","rgn_id",,,"year","a_prot_1km",,TRUE,2000,2017,9302,16972.25,FALSE,,,,8,FALSE
"LSP","lsp_prot_area_offshore3nm","lsp_prot_area_offshore3nm_gl2017.csv","a_prot_3nm","km2","Offshore coastal protected areas","Protected areas located 3nm offshore","lsp_prot_area_offshore3nm","~/github/ohi-global/eez/layers/lsp_prot_area_offshore3nm.csv","rgn_id",,,"year","a_prot_3nm",,TRUE,2000,2017,18545.5,31730,FALSE,,,,8,FALSE
"LSP","rgn_area_inland1km","rgn_area_inland1km_gl2017.csv","area","km2","Inland area","Inland area of OHI regions within 1km of shoreline","rgn_area_inland1km","~/github/ohi-global/eez/layers/rgn_area_inland1km.csv","rgn_id",,,,"area",,TRUE,,,175147,175147,FALSE,,,,8,FALSE
"LSP","rgn_area_offshore3nm","rgn_area_offshore3nm_gl2017.csv","area","km2","Offshore area","Offshore area of OHI regions within 3nm of shoreline","rgn_area_offshore3nm","~/github/ohi-global/eez/layers/rgn_area_offshore3nm.csv","rgn_id",,,,"area",,TRUE,,,621887.75,621887.75,FALSE,,,,8,FALSE
"MAR","mar_coastalpopn_inland25mi","mar_coastalpopn_inland25mi_gl2017.csv","popsum","number of people","Inland coastal population","Total coastal population within 25 miles of coast","mar_coastalpopn_inland25mi","~/github/ohi-global/eez/layers/mar_coastalpopn_inland25mi.csv","rgn_id",,,"year","popsum",,TRUE,2000,2020,7452725.22654279,8735672.20232342,FALSE,,,,8,FALSE
"MAR","mar_harvest_tonnes","mar_harvest_tonnes_gl2017.csv","tonnes","tonnes","Mariculture harvest","Tonnes of mariculture harvest","mar_harvest_tonnes","~/github/ohi-global/eez/layers/mar_harvest_tonnes.csv","rgn_id",,"taxa_code","year","tonnes",,TRUE,1950,2015,0,92926,FALSE,,,,8,FALSE
"MAR","mar_sustainability_score","mar_sustainability_score_gl2017.csv","sust_coeff","score","Mariculture sustainability score","Mariculture sustainability based on the Mariculture Sustainability Index (MSI)","mar_sustainability_score","~/github/ohi-global/eez/layers/mar_sustainability_score.csv","rgn_id",,"taxa_code","year","sust_coeff",,TRUE,2012,2012,0.17,0.93,TRUE,,,,8,FALSE
"MAR resilience","g_msi_gov","g_msi_gov_gl2017.csv","resilience score","scaled 0-1","Mariculture Sustainability Index","Mariculture practice assessment criteria from the Mariculture Sustainability Index (MSI)","g_msi_gov","~/github/ohi-global/eez/layers/g_msi_gov.csv","rgn_id",,,,"resilience.score",,TRUE,,,0.47857142855,0.47857142855,TRUE,,,,8,FALSE
"NP","hab_rockyreef_extent","hab_rockyreef_extent_gl2017.csv","km2","km2","Habitat extent of rocky reef","Area of rocky reef habitat","hab_rockyreef_extent","~/github/ohi-global/eez/layers/hab_rockyreef_extent.csv","rgn_id",,"habitat","year","km2",,TRUE,2012,2012,4860.51,4860.51,FALSE,,,,8,FALSE
"NP","np_blast","np_blast_gl2017placeholder.csv","score","score","Areas of blast fishing","Destructive artisanal blast fishing","np_blast","~/github/ohi-global/eez/layers/np_blast.csv","rgn_id",,,"year","score",,TRUE,2017,2017,2017,2017,FALSE,,,,8,FALSE
"NP","np_cyanide","np_cyanide_gl2017placeholder.csv","score","score","Areas of poison fishing","Destructive artisanal poison (cyanide) fishing","np_cyanide","~/github/ohi-global/eez/layers/np_cyanide.csv","rgn_id",,,"year","score",,TRUE,2017,2017,2017,2017,FALSE,,,,8,FALSE
"NP","np_harvest_product_weight","np_harvest_product_weight_gl2017.csv","weight","proportion","Relative harvest value","Relative importance of six marine commodities (coral, fish oil, seaweed and plants, shells, sponges, ornamental fish) within each region determined by dividing the max USD value (determined across most recent 10 years of data) of each product and dividing by the sum of the max USD values of all products","np_harvest_product_weight","~/github/ohi-global/eez/layers/np_harvest_product_weight.csv","rgn_id",,"product","year","weight",,TRUE,2013,2013,0.002424907,0.733693814,TRUE,,,,8,FALSE
"NP","np_harvest_tonnes","np_harvest_tonnes_gl2017.csv","tonnes","tonnes","Natural product harvest","Yield in metric tonnes of six marine commodities (coral, fish oil, seaweed and plants, shells, sponges, ornamental fish)","np_harvest_tonnes","~/github/ohi-global/eez/layers/np_harvest_tonnes.csv","rgn_id",,"product","year","tonnes",,TRUE,1976,2013,0,13063.5,FALSE,,,,8,FALSE
"NP","np_harvest_tonnes_relative","np_harvest_tonnes_relative_gl2017.csv","tonnes_rel","proportion","Relative harvest tonnes","Tonnes of harvest of each commodity relative to maximum harvest (with 35% buffer) of the commodity within the region observed across years","np_harvest_tonnes_relative","~/github/ohi-global/eez/layers/np_harvest_tonnes_relative.csv","rgn_id",,"product","year","tonnes_rel",,TRUE,1976,2013,0,1,TRUE,,,,8,FALSE
"spatial","rgn_area","rgn_area.csv","area_km2","km2","Region areas based on EEZ boundaries","Area of Ocean Health Index regions modified from exclusive economic zones","rgn_area","~/github/ohi-global/eez/layers/rgn_area.csv","rgn_id",,,,"area_km2",,TRUE,,,5698085,5698085,FALSE,,,,8,FALSE
"spatial","rgn_georegions","rgn_georegions_gl2017.csv","georgn_id","UN regions","UN geopolitical region classifications","UN geopolitical regions (3 levels), often used for gapfilling missing data","rgn_georegions","~/github/ohi-global/eez/layers/rgn_georegions.csv","rgn_id",,"level",,"georgn_id",,TRUE,,,1,21,FALSE,,,,8,FALSE
"spatial","rgn_global","rgn_global.csv","label","label","OHI regions","Subset of regions that are not deleted or disputed","rgn_global","~/github/ohi-global/eez/layers/rgn_global.csv","rgn_id",,,,,"label",TRUE,,,,,FALSE,,,,8,
"spatial","rgn_labels","rgn_labels.csv","label","label","Regions","Regions by type (eez, subocean, unclaimed)","rgn_labels","~/github/ohi-global/eez/layers/rgn_labels.csv","rgn_id",,"type",,,"label",TRUE,,,,,FALSE,,,,8,
"SPP","spp_status","spp_status_gl2017.csv","score","status score","Average species condition","Species condition based on average of IUCN threat categories","spp_status","~/github/ohi-global/eez/layers/spp_status.csv","rgn_id",,,,"score",,TRUE,,,0.877814168556973,0.877814168556973,TRUE,,,,8,FALSE
"SPP","spp_trend","spp_trend_gl2017.csv","score","trend score","Average species condition trend","Species trends based on average of IUCN population trend data","spp_trend","~/github/ohi-global/eez/layers/spp_trend.csv","rgn_id",,,,"score",,TRUE,,,-0.121428107812458,-0.121428107812458,FALSE,,,,8,FALSE
"TR","tr_jobs_pct_tourism","tr_jobs_pct_tourism_gl2017.csv","Ep","proportion","Percent direct employment in tourism","Percent direct employment in tourism","tr_jobs_pct_tourism","~/github/ohi-global/eez/layers/tr_jobs_pct_tourism.csv","rgn_id",,,"year","ep",,TRUE,1995,2027,0.0234135,0.0318345,TRUE,,,,8,FALSE
"TR","tr_sustainability","tr_sustainability_gl2017.csv","S_score","score","Tourism sustainability index","Tourism Competitiveness Index (TTCI)","tr_sustainability","~/github/ohi-global/eez/layers/tr_sustainability.csv","rgn_id",,,"year","s_score",,TRUE,2017,2017,4.97,4.97,FALSE,,,,8,FALSE
"TR","tr_travelwarnings","tr_travelwarnings_gl2017placeholder.csv","multiplier","score","US State Department travel warnings","Countries with US State Department travel warnings","tr_travelwarnings","~/github/ohi-global/eez/layers/tr_travelwarnings.csv","rgn_id",,,"year","multiplier",,TRUE,2017,2017,2017,2017,FALSE,,,,8,FALSE
"weighting","element_wts_cp_km2_x_protection","element_wts_cp_km2_x_protection_gl2017.csv","extent_rank","extent*rank","Coastal protection weights","Habitat extent multiplied by habitat protection rank for: coral, mangrove (offshore and inland 1km), saltmarsh, sea ice (shoreline), and seagrass","element_wts_cp_km2_x_protection","~/github/ohi-global/eez/layers/element_wts_cp_km2_x_protection.csv","rgn_id",,"habitat",,"extent_rank",,TRUE,,,,,FALSE,,,,8,TRUE
"weighting","element_wts_cs_km2_x_storage","element_wts_cs_km2_x_storage_gl2017.csv","extent_rank","extent*storage","Carbon storage weights","Habitat extent multiplied by carbon storage capacity for: mangrove, saltmarsh, and seagrass","element_wts_cs_km2_x_storage","~/github/ohi-global/eez/layers/element_wts_cs_km2_x_storage.csv","rgn_id",,"habitat",,"extent_rank",,TRUE,,,,,FALSE,,,,8,TRUE
"weighting","element_wts_hab_pres_abs","element_wts_hab_pres_abs_gl2017.csv","boolean","boolean","Habitat weights","List of habitats in each region","element_wts_hab_pres_abs","~/github/ohi-global/eez/layers/element_wts_hab_pres_abs.csv","rgn_id",,"habitat",,"boolean",,TRUE,,,,,FALSE,,,,8,TRUE
"","hab_softbottom_extent","hab_softbottom_extent_gl2017.csv","km2","km2","Habitat extent of softbottom","Area of softbottom habitat","hab_softbottom_extent","~/github/ohi-global/eez/layers/hab_softbottom_extent.csv","rgn_id",,"habitat","year","km2",,TRUE,2012,2012,2711846.34778838,2711846.34778838,FALSE,,,,8,FALSE
"","sp_alien_species","sp_alien_species_gl2017.csv","resilience score","scaled 0-1","Management of nonindigenous species","Survey responses by country to the Convention on Biological Diversity (CBD) Third National Report: invasive species related questions","sp_alien_species","~/github/ohi-global/eez/layers/sp_alien_species.csv","rgn_id",,,,"resilience.score",,TRUE,,,0.625,0.625,TRUE,,,,8,FALSE
