"goal","dimension","region_id","score"
"AO","future",0,92.85
"AO","future",1,92.85
"AO","future",2,92.85
"AO","future",3,92.85
"AO","future",4,92.85
"AO","future",5,92.85
"AO","future",6,92.85
"AO","future",7,92.85
"AO","future",8,92.85
"AO","future",9,92.85
"AO","future",10,92.85
"AO","future",11,92.85
"AO","future",12,92.85
"AO","future",14,92.85
"AO","future",15,92.85
"AO","future",16,92.85
"AO","future",17,92.85
"AO","pressures",1,37.75
"AO","pressures",2,37.75
"AO","pressures",3,37.75
"AO","pressures",4,37.75
"AO","pressures",5,37.75
"AO","pressures",6,37.75
"AO","pressures",7,37.75
"AO","pressures",8,37.75
"AO","pressures",9,37.75
"AO","pressures",10,37.75
"AO","pressures",11,37.75
"AO","pressures",12,37.75
"AO","pressures",14,37.75
"AO","pressures",15,37.75
"AO","pressures",16,37.75
"AO","pressures",17,37.75
"AO","resilience",1,84.14
"AO","resilience",2,84.14
"AO","resilience",3,84.14
"AO","resilience",4,84.14
"AO","resilience",5,84.14
"AO","resilience",6,84.14
"AO","resilience",7,84.14
"AO","resilience",8,84.14
"AO","resilience",9,84.14
"AO","resilience",10,84.14
"AO","resilience",11,84.14
"AO","resilience",12,84.14
"AO","resilience",14,84.14
"AO","resilience",15,84.14
"AO","resilience",16,84.14
"AO","resilience",17,84.14
"AO","score",0,86.19
"AO","score",1,86.19
"AO","score",2,86.19
"AO","score",3,86.19
"AO","score",4,86.19
"AO","score",5,86.19
"AO","score",6,86.19
"AO","score",7,86.19
"AO","score",8,86.19
"AO","score",9,86.19
"AO","score",10,86.19
"AO","score",11,86.19
"AO","score",12,86.19
"AO","score",14,86.19
"AO","score",15,86.19
"AO","score",16,86.19
"AO","score",17,86.19
"AO","status",0,79.53
"AO","status",1,79.53
"AO","status",2,79.53
"AO","status",3,79.53
"AO","status",4,79.53
"AO","status",5,79.53
"AO","status",6,79.53
"AO","status",7,79.53
"AO","status",8,79.53
"AO","status",9,79.53
"AO","status",10,79.53
"AO","status",11,79.53
"AO","status",12,79.53
"AO","status",14,79.53
"AO","status",15,79.53
"AO","status",16,79.53
"AO","status",17,79.53
"AO","trend",1,0.02
"AO","trend",2,0.02
"AO","trend",3,0.02
"AO","trend",4,0.02
"AO","trend",5,0.02
"AO","trend",6,0.02
"AO","trend",7,0.02
"AO","trend",8,0.02
"AO","trend",9,0.02
"AO","trend",10,0.02
"AO","trend",11,0.02
"AO","trend",12,0.02
"AO","trend",14,0.02
"AO","trend",15,0.02
"AO","trend",16,0.02
"AO","trend",17,0.02
"BD","future",0,98.43
"BD","future",1,98.43
"BD","future",2,98.43
"BD","future",3,98.43
"BD","future",4,98.43
"BD","future",5,98.43
"BD","future",6,98.43
"BD","future",7,98.43
"BD","future",8,98.43
"BD","future",9,98.43
"BD","future",10,98.43
"BD","future",11,98.43
"BD","future",12,98.43
"BD","future",14,98.43
"BD","future",15,98.43
"BD","future",16,98.43
"BD","future",17,98.43
"BD","pressures",1,
"BD","pressures",2,
"BD","pressures",3,
"BD","pressures",4,
"BD","pressures",5,
"BD","pressures",6,
"BD","pressures",7,
"BD","pressures",8,
"BD","pressures",9,
"BD","pressures",10,
"BD","pressures",11,
"BD","pressures",12,
"BD","pressures",14,
"BD","pressures",15,
"BD","pressures",16,
"BD","pressures",17,
"BD","resilience",1,
"BD","resilience",2,
"BD","resilience",3,
"BD","resilience",4,
"BD","resilience",5,
"BD","resilience",6,
"BD","resilience",7,
"BD","resilience",8,
"BD","resilience",9,
"BD","resilience",10,
"BD","resilience",11,
"BD","resilience",12,
"BD","resilience",14,
"BD","resilience",15,
"BD","resilience",16,
"BD","resilience",17,
"BD","score",0,97.38
"BD","score",1,97.38
"BD","score",2,97.38
"BD","score",3,97.38
"BD","score",4,97.38
"BD","score",5,97.38
"BD","score",6,97.38
"BD","score",7,97.38
"BD","score",8,97.38
"BD","score",9,97.38
"BD","score",10,97.38
"BD","score",11,97.38
"BD","score",12,97.38
"BD","score",14,97.38
"BD","score",15,97.38
"BD","score",16,97.38
"BD","score",17,97.38
"BD","status",0,96.32
"BD","status",1,96.32
"BD","status",2,96.32
"BD","status",3,96.32
"BD","status",4,96.32
"BD","status",5,96.32
"BD","status",6,96.32
"BD","status",7,96.32
"BD","status",8,96.32
"BD","status",9,96.32
"BD","status",10,96.32
"BD","status",11,96.32
"BD","status",12,96.32
"BD","status",14,96.32
"BD","status",15,96.32
"BD","status",16,96.32
"BD","status",17,96.32
"BD","trend",1,-0.07
"BD","trend",2,-0.07
"BD","trend",3,-0.07
"BD","trend",4,-0.07
"BD","trend",5,-0.07
"BD","trend",6,-0.07
"BD","trend",7,-0.07
"BD","trend",8,-0.07
"BD","trend",9,-0.07
"BD","trend",10,-0.07
"BD","trend",11,-0.07
"BD","trend",12,-0.07
"BD","trend",14,-0.07
"BD","trend",15,-0.07
"BD","trend",16,-0.07
"BD","trend",17,-0.07
"CP","future",0,
"CP","future",1,
"CP","future",2,
"CP","future",3,
"CP","future",4,
"CP","future",5,
"CP","future",6,
"CP","future",7,
"CP","future",8,
"CP","future",9,
"CP","future",10,
"CP","future",11,
"CP","future",12,
"CP","future",14,
"CP","future",15,
"CP","future",16,
"CP","future",17,
"CP","pressures",1,23.36
"CP","pressures",2,23.36
"CP","pressures",3,23.36
"CP","pressures",4,23.36
"CP","pressures",5,23.36
"CP","pressures",6,23.36
"CP","pressures",7,23.36
"CP","pressures",8,23.36
"CP","pressures",9,23.36
"CP","pressures",10,23.36
"CP","pressures",11,23.36
"CP","pressures",12,23.36
"CP","pressures",14,23.36
"CP","pressures",15,23.36
"CP","pressures",16,23.36
"CP","pressures",17,23.36
"CP","resilience",1,86.92
"CP","resilience",2,86.92
"CP","resilience",3,86.92
"CP","resilience",4,86.92
"CP","resilience",5,86.92
"CP","resilience",6,86.92
"CP","resilience",7,86.92
"CP","resilience",8,86.92
"CP","resilience",9,86.92
"CP","resilience",10,86.92
"CP","resilience",11,86.92
"CP","resilience",12,86.92
"CP","resilience",14,86.92
"CP","resilience",15,86.92
"CP","resilience",16,86.92
"CP","resilience",17,86.92
"CP","score",0,
"CP","score",1,
"CP","score",2,
"CP","score",3,
"CP","score",4,
"CP","score",5,
"CP","score",6,
"CP","score",7,
"CP","score",8,
"CP","score",9,
"CP","score",10,
"CP","score",11,
"CP","score",12,
"CP","score",14,
"CP","score",15,
"CP","score",16,
"CP","score",17,
"CP","status",0,
"CP","status",1,
"CP","status",2,
"CP","status",3,
"CP","status",4,
"CP","status",5,
"CP","status",6,
"CP","status",7,
"CP","status",8,
"CP","status",9,
"CP","status",10,
"CP","status",11,
"CP","status",12,
"CP","status",14,
"CP","status",15,
"CP","status",16,
"CP","status",17,
"CP","trend",1,
"CP","trend",2,
"CP","trend",3,
"CP","trend",4,
"CP","trend",5,
"CP","trend",6,
"CP","trend",7,
"CP","trend",8,
"CP","trend",9,
"CP","trend",10,
"CP","trend",11,
"CP","trend",12,
"CP","trend",14,
"CP","trend",15,
"CP","trend",16,
"CP","trend",17,
"CS","future",0,
"CS","future",1,
"CS","future",2,
"CS","future",3,
"CS","future",4,
"CS","future",5,
"CS","future",6,
"CS","future",7,
"CS","future",8,
"CS","future",9,
"CS","future",10,
"CS","future",11,
"CS","future",12,
"CS","future",14,
"CS","future",15,
"CS","future",16,
"CS","future",17,
"CS","pressures",1,21.87
"CS","pressures",2,21.87
"CS","pressures",3,21.87
"CS","pressures",4,21.87
"CS","pressures",5,21.87
"CS","pressures",6,21.87
"CS","pressures",7,21.87
"CS","pressures",8,21.87
"CS","pressures",9,21.87
"CS","pressures",10,21.87
"CS","pressures",11,21.87
"CS","pressures",12,21.87
"CS","pressures",14,21.87
"CS","pressures",15,21.87
"CS","pressures",16,21.87
"CS","pressures",17,21.87
"CS","resilience",1,86.92
"CS","resilience",2,86.92
"CS","resilience",3,86.92
"CS","resilience",4,86.92
"CS","resilience",5,86.92
"CS","resilience",6,86.92
"CS","resilience",7,86.92
"CS","resilience",8,86.92
"CS","resilience",9,86.92
"CS","resilience",10,86.92
"CS","resilience",11,86.92
"CS","resilience",12,86.92
"CS","resilience",14,86.92
"CS","resilience",15,86.92
"CS","resilience",16,86.92
"CS","resilience",17,86.92
"CS","score",0,
"CS","score",1,
"CS","score",2,
"CS","score",3,
"CS","score",4,
"CS","score",5,
"CS","score",6,
"CS","score",7,
"CS","score",8,
"CS","score",9,
"CS","score",10,
"CS","score",11,
"CS","score",12,
"CS","score",14,
"CS","score",15,
"CS","score",16,
"CS","score",17,
"CS","status",0,
"CS","status",1,
"CS","status",2,
"CS","status",3,
"CS","status",4,
"CS","status",5,
"CS","status",6,
"CS","status",7,
"CS","status",8,
"CS","status",9,
"CS","status",10,
"CS","status",11,
"CS","status",12,
"CS","status",14,
"CS","status",15,
"CS","status",16,
"CS","status",17,
"CS","trend",1,
"CS","trend",2,
"CS","trend",3,
"CS","trend",4,
"CS","trend",5,
"CS","trend",6,
"CS","trend",7,
"CS","trend",8,
"CS","trend",9,
"CS","trend",10,
"CS","trend",11,
"CS","trend",12,
"CS","trend",14,
"CS","trend",15,
"CS","trend",16,
"CS","trend",17,
"CW","future",0,100
"CW","future",1,100
"CW","future",2,100
"CW","future",3,100
"CW","future",4,100
"CW","future",5,100
"CW","future",6,100
"CW","future",7,100
"CW","future",8,100
"CW","future",9,100
"CW","future",10,100
"CW","future",11,100
"CW","future",12,100
"CW","future",14,100
"CW","future",15,100
"CW","future",16,100
"CW","future",17,100
"CW","pressures",1,34.77
"CW","pressures",2,34.77
"CW","pressures",3,34.77
"CW","pressures",4,34.77
"CW","pressures",5,34.77
"CW","pressures",6,34.77
"CW","pressures",7,34.77
"CW","pressures",8,34.77
"CW","pressures",9,34.77
"CW","pressures",10,34.77
"CW","pressures",11,34.77
"CW","pressures",12,34.77
"CW","pressures",14,34.77
"CW","pressures",15,34.77
"CW","pressures",16,34.77
"CW","pressures",17,34.77
"CW","resilience",1,88.95
"CW","resilience",2,88.95
"CW","resilience",3,88.95
"CW","resilience",4,88.95
"CW","resilience",5,88.95
"CW","resilience",6,88.95
"CW","resilience",7,88.95
"CW","resilience",8,88.95
"CW","resilience",9,88.95
"CW","resilience",10,88.95
"CW","resilience",11,88.95
"CW","resilience",12,88.95
"CW","resilience",14,88.95
"CW","resilience",15,88.95
"CW","resilience",16,88.95
"CW","resilience",17,88.95
"CW","score",0,93.76
"CW","score",1,93.76
"CW","score",2,93.76
"CW","score",3,93.76
"CW","score",4,93.76
"CW","score",5,93.76
"CW","score",6,93.76
"CW","score",7,93.76
"CW","score",8,93.76
"CW","score",9,93.76
"CW","score",10,93.76
"CW","score",11,93.76
"CW","score",12,93.76
"CW","score",14,93.76
"CW","score",15,93.76
"CW","score",16,93.76
"CW","score",17,93.76
"CW","status",0,87.52
"CW","status",1,87.52
"CW","status",2,87.52
"CW","status",3,87.52
"CW","status",4,87.52
"CW","status",5,87.52
"CW","status",6,87.52
"CW","status",7,87.52
"CW","status",8,87.52
"CW","status",9,87.52
"CW","status",10,87.52
"CW","status",11,87.52
"CW","status",12,87.52
"CW","status",14,87.52
"CW","status",15,87.52
"CW","status",16,87.52
"CW","status",17,87.52
"CW","trend",1,0.05
"CW","trend",2,0.05
"CW","trend",3,0.05
"CW","trend",4,0.05
"CW","trend",5,0.05
"CW","trend",6,0.05
"CW","trend",7,0.05
"CW","trend",8,0.05
"CW","trend",9,0.05
"CW","trend",10,0.05
"CW","trend",11,0.05
"CW","trend",12,0.05
"CW","trend",14,0.05
"CW","trend",15,0.05
"CW","trend",16,0.05
"CW","trend",17,0.05
"ECO","future",0,100
"ECO","future",1,100
"ECO","future",2,100
"ECO","future",3,100
"ECO","future",4,100
"ECO","future",5,100
"ECO","future",6,100
"ECO","future",7,100
"ECO","future",8,100
"ECO","future",9,100
"ECO","future",10,100
"ECO","future",11,100
"ECO","future",12,100
"ECO","future",14,100
"ECO","future",15,100
"ECO","future",16,100
"ECO","future",17,100
"ECO","pressures",1,25.2
"ECO","pressures",2,25.2
"ECO","pressures",3,25.2
"ECO","pressures",4,25.2
"ECO","pressures",5,25.2
"ECO","pressures",6,25.2
"ECO","pressures",7,25.2
"ECO","pressures",8,25.2
"ECO","pressures",9,25.2
"ECO","pressures",10,25.2
"ECO","pressures",11,25.2
"ECO","pressures",12,25.2
"ECO","pressures",14,25.2
"ECO","pressures",15,25.2
"ECO","pressures",16,25.2
"ECO","pressures",17,25.2
"ECO","resilience",1,73.83
"ECO","resilience",2,73.83
"ECO","resilience",3,73.83
"ECO","resilience",4,73.83
"ECO","resilience",5,73.83
"ECO","resilience",6,73.83
"ECO","resilience",7,73.83
"ECO","resilience",8,73.83
"ECO","resilience",9,73.83
"ECO","resilience",10,73.83
"ECO","resilience",11,73.83
"ECO","resilience",12,73.83
"ECO","resilience",14,73.83
"ECO","resilience",15,73.83
"ECO","resilience",16,73.83
"ECO","resilience",17,73.83
"ECO","score",0,100
"ECO","score",1,100
"ECO","score",2,100
"ECO","score",3,100
"ECO","score",4,100
"ECO","score",5,100
"ECO","score",6,100
"ECO","score",7,100
"ECO","score",8,100
"ECO","score",9,100
"ECO","score",10,100
"ECO","score",11,100
"ECO","score",12,100
"ECO","score",14,100
"ECO","score",15,100
"ECO","score",16,100
"ECO","score",17,100
"ECO","status",0,100
"ECO","status",1,100
"ECO","status",2,100
"ECO","status",3,100
"ECO","status",4,100
"ECO","status",5,100
"ECO","status",6,100
"ECO","status",7,100
"ECO","status",8,100
"ECO","status",9,100
"ECO","status",10,100
"ECO","status",11,100
"ECO","status",12,100
"ECO","status",14,100
"ECO","status",15,100
"ECO","status",16,100
"ECO","status",17,100
"ECO","trend",1,
"ECO","trend",2,
"ECO","trend",3,
"ECO","trend",4,
"ECO","trend",5,
"ECO","trend",6,
"ECO","trend",7,
"ECO","trend",8,
"ECO","trend",9,
"ECO","trend",10,
"ECO","trend",11,
"ECO","trend",12,
"ECO","trend",14,
"ECO","trend",15,
"ECO","trend",16,
"ECO","trend",17,
"FIS","future",0,40.47
"FIS","future",1,40.47
"FIS","future",2,40.47
"FIS","future",3,40.47
"FIS","future",4,40.47
"FIS","future",5,40.47
"FIS","future",6,40.47
"FIS","future",7,40.47
"FIS","future",8,40.47
"FIS","future",9,40.47
"FIS","future",10,40.47
"FIS","future",11,40.47
"FIS","future",12,40.47
"FIS","future",14,40.47
"FIS","future",15,40.47
"FIS","future",16,40.47
"FIS","future",17,40.47
"FIS","pressures",1,38.87
"FIS","pressures",2,38.87
"FIS","pressures",3,38.87
"FIS","pressures",4,38.87
"FIS","pressures",5,38.87
"FIS","pressures",6,38.87
"FIS","pressures",7,38.87
"FIS","pressures",8,38.87
"FIS","pressures",9,38.87
"FIS","pressures",10,38.87
"FIS","pressures",11,38.87
"FIS","pressures",12,38.87
"FIS","pressures",14,38.87
"FIS","pressures",15,38.87
"FIS","pressures",16,38.87
"FIS","pressures",17,38.87
"FIS","resilience",1,77.25
"FIS","resilience",2,77.25
"FIS","resilience",3,77.25
"FIS","resilience",4,77.25
"FIS","resilience",5,77.25
"FIS","resilience",6,77.25
"FIS","resilience",7,77.25
"FIS","resilience",8,77.25
"FIS","resilience",9,77.25
"FIS","resilience",10,77.25
"FIS","resilience",11,77.25
"FIS","resilience",12,77.25
"FIS","resilience",14,77.25
"FIS","resilience",15,77.25
"FIS","resilience",16,77.25
"FIS","resilience",17,77.25
"FIS","score",0,42.94
"FIS","score",1,42.94
"FIS","score",2,42.94
"FIS","score",3,42.94
"FIS","score",4,42.94
"FIS","score",5,42.94
"FIS","score",6,42.94
"FIS","score",7,42.94
"FIS","score",8,42.94
"FIS","score",9,42.94
"FIS","score",10,42.94
"FIS","score",11,42.94
"FIS","score",12,42.94
"FIS","score",14,42.94
"FIS","score",15,42.94
"FIS","score",16,42.94
"FIS","score",17,42.94
"FIS","status",0,45.4
"FIS","status",1,45.4
"FIS","status",2,45.4
"FIS","status",3,45.4
"FIS","status",4,45.4
"FIS","status",5,45.4
"FIS","status",6,45.4
"FIS","status",7,45.4
"FIS","status",8,45.4
"FIS","status",9,45.4
"FIS","status",10,45.4
"FIS","status",11,45.4
"FIS","status",12,45.4
"FIS","status",14,45.4
"FIS","status",15,45.4
"FIS","status",16,45.4
"FIS","status",17,45.4
"FIS","trend",1,-0.35
"FIS","trend",2,-0.35
"FIS","trend",3,-0.35
"FIS","trend",4,-0.35
"FIS","trend",5,-0.35
"FIS","trend",6,-0.35
"FIS","trend",7,-0.35
"FIS","trend",8,-0.35
"FIS","trend",9,-0.35
"FIS","trend",10,-0.35
"FIS","trend",11,-0.35
"FIS","trend",12,-0.35
"FIS","trend",14,-0.35
"FIS","trend",15,-0.35
"FIS","trend",16,-0.35
"FIS","trend",17,-0.35
"FP","future",0,54.79
"FP","future",1,54.79
"FP","future",2,54.79
"FP","future",3,54.79
"FP","future",4,54.79
"FP","future",5,54.79
"FP","future",6,54.79
"FP","future",7,54.79
"FP","future",8,54.79
"FP","future",9,54.79
"FP","future",10,54.79
"FP","future",11,54.79
"FP","future",12,54.79
"FP","future",14,54.79
"FP","future",15,54.79
"FP","future",16,54.79
"FP","future",17,54.79
"FP","pressures",1,
"FP","pressures",2,
"FP","pressures",3,
"FP","pressures",4,
"FP","pressures",5,
"FP","pressures",6,
"FP","pressures",7,
"FP","pressures",8,
"FP","pressures",9,
"FP","pressures",10,
"FP","pressures",11,
"FP","pressures",12,
"FP","pressures",14,
"FP","pressures",15,
"FP","pressures",16,
"FP","pressures",17,
"FP","resilience",1,
"FP","resilience",2,
"FP","resilience",3,
"FP","resilience",4,
"FP","resilience",5,
"FP","resilience",6,
"FP","resilience",7,
"FP","resilience",8,
"FP","resilience",9,
"FP","resilience",10,
"FP","resilience",11,
"FP","resilience",12,
"FP","resilience",14,
"FP","resilience",15,
"FP","resilience",16,
"FP","resilience",17,
"FP","score",0,55.8
"FP","score",1,55.8
"FP","score",2,55.8
"FP","score",3,55.8
"FP","score",4,55.8
"FP","score",5,55.8
"FP","score",6,55.8
"FP","score",7,55.8
"FP","score",8,55.8
"FP","score",9,55.8
"FP","score",10,55.8
"FP","score",11,55.8
"FP","score",12,55.8
"FP","score",14,55.8
"FP","score",15,55.8
"FP","score",16,55.8
"FP","score",17,55.8
"FP","status",0,56.82
"FP","status",1,56.82
"FP","status",2,56.82
"FP","status",3,56.82
"FP","status",4,56.82
"FP","status",5,56.82
"FP","status",6,56.82
"FP","status",7,56.82
"FP","status",8,56.82
"FP","status",9,56.82
"FP","status",10,56.82
"FP","status",11,56.82
"FP","status",12,56.82
"FP","status",14,56.82
"FP","status",15,56.82
"FP","status",16,56.82
"FP","status",17,56.82
"FP","trend",1,-0.28
"FP","trend",2,-0.28
"FP","trend",3,-0.28
"FP","trend",4,-0.28
"FP","trend",5,-0.28
"FP","trend",6,-0.28
"FP","trend",7,-0.28
"FP","trend",8,-0.28
"FP","trend",9,-0.28
"FP","trend",10,-0.28
"FP","trend",11,-0.28
"FP","trend",12,-0.28
"FP","trend",14,-0.28
"FP","trend",15,-0.28
"FP","trend",16,-0.28
"FP","trend",17,-0.28
"HAB","future",0,100
"HAB","future",1,100
"HAB","future",2,100
"HAB","future",3,100
"HAB","future",4,100
"HAB","future",5,100
"HAB","future",6,100
"HAB","future",7,100
"HAB","future",8,100
"HAB","future",9,100
"HAB","future",10,100
"HAB","future",11,100
"HAB","future",12,100
"HAB","future",14,100
"HAB","future",15,100
"HAB","future",16,100
"HAB","future",17,100
"HAB","pressures",1,24.66
"HAB","pressures",2,24.66
"HAB","pressures",3,24.66
"HAB","pressures",4,24.66
"HAB","pressures",5,24.66
"HAB","pressures",6,24.66
"HAB","pressures",7,24.66
"HAB","pressures",8,24.66
"HAB","pressures",9,24.66
"HAB","pressures",10,24.66
"HAB","pressures",11,24.66
"HAB","pressures",12,24.66
"HAB","pressures",14,24.66
"HAB","pressures",15,24.66
"HAB","pressures",16,24.66
"HAB","pressures",17,24.66
"HAB","resilience",1,81.69
"HAB","resilience",2,81.69
"HAB","resilience",3,81.69
"HAB","resilience",4,81.69
"HAB","resilience",5,81.69
"HAB","resilience",6,81.69
"HAB","resilience",7,81.69
"HAB","resilience",8,81.69
"HAB","resilience",9,81.69
"HAB","resilience",10,81.69
"HAB","resilience",11,81.69
"HAB","resilience",12,81.69
"HAB","resilience",14,81.69
"HAB","resilience",15,81.69
"HAB","resilience",16,81.69
"HAB","resilience",17,81.69
"HAB","score",0,100
"HAB","score",1,100
"HAB","score",2,100
"HAB","score",3,100
"HAB","score",4,100
"HAB","score",5,100
"HAB","score",6,100
"HAB","score",7,100
"HAB","score",8,100
"HAB","score",9,100
"HAB","score",10,100
"HAB","score",11,100
"HAB","score",12,100
"HAB","score",14,100
"HAB","score",15,100
"HAB","score",16,100
"HAB","score",17,100
"HAB","status",0,100
"HAB","status",1,100
"HAB","status",2,100
"HAB","status",3,100
"HAB","status",4,100
"HAB","status",5,100
"HAB","status",6,100
"HAB","status",7,100
"HAB","status",8,100
"HAB","status",9,100
"HAB","status",10,100
"HAB","status",11,100
"HAB","status",12,100
"HAB","status",14,100
"HAB","status",15,100
"HAB","status",16,100
"HAB","status",17,100
"HAB","trend",1,0
"HAB","trend",2,0
"HAB","trend",3,0
"HAB","trend",4,0
"HAB","trend",5,0
"HAB","trend",6,0
"HAB","trend",7,0
"HAB","trend",8,0
"HAB","trend",9,0
"HAB","trend",10,0
"HAB","trend",11,0
"HAB","trend",12,0
"HAB","trend",14,0
"HAB","trend",15,0
"HAB","trend",16,0
"HAB","trend",17,0
"ICO","future",0,73.27
"ICO","future",1,73.27
"ICO","future",2,73.27
"ICO","future",3,73.27
"ICO","future",4,73.27
"ICO","future",5,73.27
"ICO","future",6,73.27
"ICO","future",7,73.27
"ICO","future",8,73.27
"ICO","future",9,73.27
"ICO","future",10,73.27
"ICO","future",11,73.27
"ICO","future",12,73.27
"ICO","future",14,73.27
"ICO","future",15,73.27
"ICO","future",16,73.27
"ICO","future",17,73.27
"ICO","pressures",1,32.6
"ICO","pressures",2,32.6
"ICO","pressures",3,32.6
"ICO","pressures",4,32.6
"ICO","pressures",5,32.6
"ICO","pressures",6,32.6
"ICO","pressures",7,32.6
"ICO","pressures",8,32.6
"ICO","pressures",9,32.6
"ICO","pressures",10,32.6
"ICO","pressures",11,32.6
"ICO","pressures",12,32.6
"ICO","pressures",14,32.6
"ICO","pressures",15,32.6
"ICO","pressures",16,32.6
"ICO","pressures",17,32.6
"ICO","resilience",1,81.48
"ICO","resilience",2,81.48
"ICO","resilience",3,81.48
"ICO","resilience",4,81.48
"ICO","resilience",5,81.48
"ICO","resilience",6,81.48
"ICO","resilience",7,81.48
"ICO","resilience",8,81.48
"ICO","resilience",9,81.48
"ICO","resilience",10,81.48
"ICO","resilience",11,81.48
"ICO","resilience",12,81.48
"ICO","resilience",14,81.48
"ICO","resilience",15,81.48
"ICO","resilience",16,81.48
"ICO","resilience",17,81.48
"ICO","score",0,67.57
"ICO","score",1,67.57
"ICO","score",2,67.57
"ICO","score",3,67.57
"ICO","score",4,67.57
"ICO","score",5,67.57
"ICO","score",6,67.57
"ICO","score",7,67.57
"ICO","score",8,67.57
"ICO","score",9,67.57
"ICO","score",10,67.57
"ICO","score",11,67.57
"ICO","score",12,67.57
"ICO","score",14,67.57
"ICO","score",15,67.57
"ICO","score",16,67.57
"ICO","score",17,67.57
"ICO","status",0,61.88
"ICO","status",1,61.88
"ICO","status",2,61.88
"ICO","status",3,61.88
"ICO","status",4,61.88
"ICO","status",5,61.88
"ICO","status",6,61.88
"ICO","status",7,61.88
"ICO","status",8,61.88
"ICO","status",9,61.88
"ICO","status",10,61.88
"ICO","status",11,61.88
"ICO","status",12,61.88
"ICO","status",14,61.88
"ICO","status",15,61.88
"ICO","status",16,61.88
"ICO","status",17,61.88
"ICO","trend",1,0.03
"ICO","trend",2,0.03
"ICO","trend",3,0.03
"ICO","trend",4,0.03
"ICO","trend",5,0.03
"ICO","trend",6,0.03
"ICO","trend",7,0.03
"ICO","trend",8,0.03
"ICO","trend",9,0.03
"ICO","trend",10,0.03
"ICO","trend",11,0.03
"ICO","trend",12,0.03
"ICO","trend",14,0.03
"ICO","trend",15,0.03
"ICO","trend",16,0.03
"ICO","trend",17,0.03
"Index","future",0,79.55
"Index","future",1,79.55
"Index","future",2,79.55
"Index","future",3,79.55
"Index","future",4,79.55
"Index","future",5,79.55
"Index","future",6,79.55
"Index","future",7,79.55
"Index","future",8,79.55
"Index","future",9,79.55
"Index","future",10,79.55
"Index","future",11,79.55
"Index","future",12,79.55
"Index","future",14,79.55
"Index","future",15,79.55
"Index","future",16,79.55
"Index","future",17,79.55
"Index","score",0,76.99
"Index","score",1,76.99
"Index","score",2,76.99
"Index","score",3,76.99
"Index","score",4,76.99
"Index","score",5,76.99
"Index","score",6,76.99
"Index","score",7,76.99
"Index","score",8,76.99
"Index","score",9,76.99
"Index","score",10,76.99
"Index","score",11,76.99
"Index","score",12,76.99
"Index","score",14,76.99
"Index","score",15,76.99
"Index","score",16,76.99
"Index","score",17,76.99
"LE","future",0,100
"LE","future",1,100
"LE","future",2,100
"LE","future",3,100
"LE","future",4,100
"LE","future",5,100
"LE","future",6,100
"LE","future",7,100
"LE","future",8,100
"LE","future",9,100
"LE","future",10,100
"LE","future",11,100
"LE","future",12,100
"LE","future",14,100
"LE","future",15,100
"LE","future",16,100
"LE","future",17,100
"LE","pressures",1,
"LE","pressures",2,
"LE","pressures",3,
"LE","pressures",4,
"LE","pressures",5,
"LE","pressures",6,
"LE","pressures",7,
"LE","pressures",8,
"LE","pressures",9,
"LE","pressures",10,
"LE","pressures",11,
"LE","pressures",12,
"LE","pressures",14,
"LE","pressures",15,
"LE","pressures",16,
"LE","pressures",17,
"LE","resilience",1,
"LE","resilience",2,
"LE","resilience",3,
"LE","resilience",4,
"LE","resilience",5,
"LE","resilience",6,
"LE","resilience",7,
"LE","resilience",8,
"LE","resilience",9,
"LE","resilience",10,
"LE","resilience",11,
"LE","resilience",12,
"LE","resilience",14,
"LE","resilience",15,
"LE","resilience",16,
"LE","resilience",17,
"LE","score",0,100
"LE","score",1,100
"LE","score",2,100
"LE","score",3,100
"LE","score",4,100
"LE","score",5,100
"LE","score",6,100
"LE","score",7,100
"LE","score",8,100
"LE","score",9,100
"LE","score",10,100
"LE","score",11,100
"LE","score",12,100
"LE","score",14,100
"LE","score",15,100
"LE","score",16,100
"LE","score",17,100
"LE","status",0,100
"LE","status",1,100
"LE","status",2,100
"LE","status",3,100
"LE","status",4,100
"LE","status",5,100
"LE","status",6,100
"LE","status",7,100
"LE","status",8,100
"LE","status",9,100
"LE","status",10,100
"LE","status",11,100
"LE","status",12,100
"LE","status",14,100
"LE","status",15,100
"LE","status",16,100
"LE","status",17,100
"LE","trend",1,
"LE","trend",2,
"LE","trend",3,
"LE","trend",4,
"LE","trend",5,
"LE","trend",6,
"LE","trend",7,
"LE","trend",8,
"LE","trend",9,
"LE","trend",10,
"LE","trend",11,
"LE","trend",12,
"LE","trend",14,
"LE","trend",15,
"LE","trend",16,
"LE","trend",17,
"LIV","future",0,100
"LIV","future",1,100
"LIV","future",2,100
"LIV","future",3,100
"LIV","future",4,100
"LIV","future",5,100
"LIV","future",6,100
"LIV","future",7,100
"LIV","future",8,100
"LIV","future",9,100
"LIV","future",10,100
"LIV","future",11,100
"LIV","future",12,100
"LIV","future",14,100
"LIV","future",15,100
"LIV","future",16,100
"LIV","future",17,100
"LIV","pressures",1,23.91
"LIV","pressures",2,23.91
"LIV","pressures",3,23.91
"LIV","pressures",4,23.91
"LIV","pressures",5,23.91
"LIV","pressures",6,23.91
"LIV","pressures",7,23.91
"LIV","pressures",8,23.91
"LIV","pressures",9,23.91
"LIV","pressures",10,23.91
"LIV","pressures",11,23.91
"LIV","pressures",12,23.91
"LIV","pressures",14,23.91
"LIV","pressures",15,23.91
"LIV","pressures",16,23.91
"LIV","pressures",17,23.91
"LIV","resilience",1,69.15
"LIV","resilience",2,69.15
"LIV","resilience",3,69.15
"LIV","resilience",4,69.15
"LIV","resilience",5,69.15
"LIV","resilience",6,69.15
"LIV","resilience",7,69.15
"LIV","resilience",8,69.15
"LIV","resilience",9,69.15
"LIV","resilience",10,69.15
"LIV","resilience",11,69.15
"LIV","resilience",12,69.15
"LIV","resilience",14,69.15
"LIV","resilience",15,69.15
"LIV","resilience",16,69.15
"LIV","resilience",17,69.15
"LIV","score",0,100
"LIV","score",1,100
"LIV","score",2,100
"LIV","score",3,100
"LIV","score",4,100
"LIV","score",5,100
"LIV","score",6,100
"LIV","score",7,100
"LIV","score",8,100
"LIV","score",9,100
"LIV","score",10,100
"LIV","score",11,100
"LIV","score",12,100
"LIV","score",14,100
"LIV","score",15,100
"LIV","score",16,100
"LIV","score",17,100
"LIV","status",0,100
"LIV","status",1,100
"LIV","status",2,100
"LIV","status",3,100
"LIV","status",4,100
"LIV","status",5,100
"LIV","status",6,100
"LIV","status",7,100
"LIV","status",8,100
"LIV","status",9,100
"LIV","status",10,100
"LIV","status",11,100
"LIV","status",12,100
"LIV","status",14,100
"LIV","status",15,100
"LIV","status",16,100
"LIV","status",17,100
"LIV","trend",1,
"LIV","trend",2,
"LIV","trend",3,
"LIV","trend",4,
"LIV","trend",5,
"LIV","trend",6,
"LIV","trend",7,
"LIV","trend",8,
"LIV","trend",9,
"LIV","trend",10,
"LIV","trend",11,
"LIV","trend",12,
"LIV","trend",14,
"LIV","trend",15,
"LIV","trend",16,
"LIV","trend",17,
"LSP","future",0,97.97
"LSP","future",1,97.97
"LSP","future",2,97.97
"LSP","future",3,97.97
"LSP","future",4,97.97
"LSP","future",5,97.97
"LSP","future",6,97.97
"LSP","future",7,97.97
"LSP","future",8,97.97
"LSP","future",9,97.97
"LSP","future",10,97.97
"LSP","future",11,97.97
"LSP","future",12,97.97
"LSP","future",14,97.97
"LSP","future",15,97.97
"LSP","future",16,97.97
"LSP","future",17,97.97
"LSP","pressures",1,37.44
"LSP","pressures",2,37.44
"LSP","pressures",3,37.44
"LSP","pressures",4,37.44
"LSP","pressures",5,37.44
"LSP","pressures",6,37.44
"LSP","pressures",7,37.44
"LSP","pressures",8,37.44
"LSP","pressures",9,37.44
"LSP","pressures",10,37.44
"LSP","pressures",11,37.44
"LSP","pressures",12,37.44
"LSP","pressures",14,37.44
"LSP","pressures",15,37.44
"LSP","pressures",16,37.44
"LSP","pressures",17,37.44
"LSP","resilience",1,88.95
"LSP","resilience",2,88.95
"LSP","resilience",3,88.95
"LSP","resilience",4,88.95
"LSP","resilience",5,88.95
"LSP","resilience",6,88.95
"LSP","resilience",7,88.95
"LSP","resilience",8,88.95
"LSP","resilience",9,88.95
"LSP","resilience",10,88.95
"LSP","resilience",11,88.95
"LSP","resilience",12,88.95
"LSP","resilience",14,88.95
"LSP","resilience",15,88.95
"LSP","resilience",16,88.95
"LSP","resilience",17,88.95
"LSP","score",0,90.85
"LSP","score",1,90.85
"LSP","score",2,90.85
"LSP","score",3,90.85
"LSP","score",4,90.85
"LSP","score",5,90.85
"LSP","score",6,90.85
"LSP","score",7,90.85
"LSP","score",8,90.85
"LSP","score",9,90.85
"LSP","score",10,90.85
"LSP","score",11,90.85
"LSP","score",12,90.85
"LSP","score",14,90.85
"LSP","score",15,90.85
"LSP","score",16,90.85
"LSP","score",17,90.85
"LSP","status",0,83.73
"LSP","status",1,83.73
"LSP","status",2,83.73
"LSP","status",3,83.73
"LSP","status",4,83.73
"LSP","status",5,83.73
"LSP","status",6,83.73
"LSP","status",7,83.73
"LSP","status",8,83.73
"LSP","status",9,83.73
"LSP","status",10,83.73
"LSP","status",11,83.73
"LSP","status",12,83.73
"LSP","status",14,83.73
"LSP","status",15,83.73
"LSP","status",16,83.73
"LSP","status",17,83.73
"LSP","trend",1,0
"LSP","trend",2,0
"LSP","trend",3,0
"LSP","trend",4,0
"LSP","trend",5,0
"LSP","trend",6,0
"LSP","trend",7,0
"LSP","trend",8,0
"LSP","trend",9,0
"LSP","trend",10,0
"LSP","trend",11,0
"LSP","trend",12,0
"LSP","trend",14,0
"LSP","trend",15,0
"LSP","trend",16,0
"LSP","trend",17,0
"MAR","future",0,100
"MAR","future",1,100
"MAR","future",2,100
"MAR","future",3,100
"MAR","future",4,100
"MAR","future",5,100
"MAR","future",6,100
"MAR","future",7,100
"MAR","future",8,100
"MAR","future",9,100
"MAR","future",10,100
"MAR","future",11,100
"MAR","future",12,100
"MAR","future",14,100
"MAR","future",15,100
"MAR","future",16,100
"MAR","future",17,100
"MAR","pressures",1,15.97
"MAR","pressures",2,15.97
"MAR","pressures",3,15.97
"MAR","pressures",4,15.97
"MAR","pressures",5,15.97
"MAR","pressures",6,15.97
"MAR","pressures",7,15.97
"MAR","pressures",8,15.97
"MAR","pressures",9,15.97
"MAR","pressures",10,15.97
"MAR","pressures",11,15.97
"MAR","pressures",12,15.97
"MAR","pressures",14,15.97
"MAR","pressures",15,15.97
"MAR","pressures",16,15.97
"MAR","pressures",17,15.97
"MAR","resilience",1,82.43
"MAR","resilience",2,82.43
"MAR","resilience",3,82.43
"MAR","resilience",4,82.43
"MAR","resilience",5,82.43
"MAR","resilience",6,82.43
"MAR","resilience",7,82.43
"MAR","resilience",8,82.43
"MAR","resilience",9,82.43
"MAR","resilience",10,82.43
"MAR","resilience",11,82.43
"MAR","resilience",12,82.43
"MAR","resilience",14,82.43
"MAR","resilience",15,82.43
"MAR","resilience",16,82.43
"MAR","resilience",17,82.43
"MAR","score",0,96.44
"MAR","score",1,96.44
"MAR","score",2,96.44
"MAR","score",3,96.44
"MAR","score",4,96.44
"MAR","score",5,96.44
"MAR","score",6,96.44
"MAR","score",7,96.44
"MAR","score",8,96.44
"MAR","score",9,96.44
"MAR","score",10,96.44
"MAR","score",11,96.44
"MAR","score",12,96.44
"MAR","score",14,96.44
"MAR","score",15,96.44
"MAR","score",16,96.44
"MAR","score",17,96.44
"MAR","status",0,92.87
"MAR","status",1,92.87
"MAR","status",2,92.87
"MAR","status",3,92.87
"MAR","status",4,92.87
"MAR","status",5,92.87
"MAR","status",6,92.87
"MAR","status",7,92.87
"MAR","status",8,92.87
"MAR","status",9,92.87
"MAR","status",10,92.87
"MAR","status",11,92.87
"MAR","status",12,92.87
"MAR","status",14,92.87
"MAR","status",15,92.87
"MAR","status",16,92.87
"MAR","status",17,92.87
"MAR","trend",1,-0.04
"MAR","trend",2,-0.04
"MAR","trend",3,-0.04
"MAR","trend",4,-0.04
"MAR","trend",5,-0.04
"MAR","trend",6,-0.04
"MAR","trend",7,-0.04
"MAR","trend",8,-0.04
"MAR","trend",9,-0.04
"MAR","trend",10,-0.04
"MAR","trend",11,-0.04
"MAR","trend",12,-0.04
"MAR","trend",14,-0.04
"MAR","trend",15,-0.04
"MAR","trend",16,-0.04
"MAR","trend",17,-0.04
"NP","future",0,4.7
"NP","future",1,4.7
"NP","future",2,4.7
"NP","future",3,4.7
"NP","future",4,4.7
"NP","future",5,4.7
"NP","future",6,4.7
"NP","future",7,4.7
"NP","future",8,4.7
"NP","future",9,4.7
"NP","future",10,4.7
"NP","future",11,4.7
"NP","future",12,4.7
"NP","future",14,4.7
"NP","future",15,4.7
"NP","future",16,4.7
"NP","future",17,4.7
"NP","pressures",1,14.56
"NP","pressures",2,14.56
"NP","pressures",3,14.56
"NP","pressures",4,14.56
"NP","pressures",5,14.56
"NP","pressures",6,14.56
"NP","pressures",7,14.56
"NP","pressures",8,14.56
"NP","pressures",9,14.56
"NP","pressures",10,14.56
"NP","pressures",11,14.56
"NP","pressures",12,14.56
"NP","pressures",14,14.56
"NP","pressures",15,14.56
"NP","pressures",16,14.56
"NP","pressures",17,14.56
"NP","resilience",1,84.52
"NP","resilience",2,84.52
"NP","resilience",3,84.52
"NP","resilience",4,84.52
"NP","resilience",5,84.52
"NP","resilience",6,84.52
"NP","resilience",7,84.52
"NP","resilience",8,84.52
"NP","resilience",9,84.52
"NP","resilience",10,84.52
"NP","resilience",11,84.52
"NP","resilience",12,84.52
"NP","resilience",14,84.52
"NP","resilience",15,84.52
"NP","resilience",16,84.52
"NP","resilience",17,84.52
"NP","score",0,3.58
"NP","score",1,3.58
"NP","score",2,3.58
"NP","score",3,3.58
"NP","score",4,3.58
"NP","score",5,3.58
"NP","score",6,3.58
"NP","score",7,3.58
"NP","score",8,3.58
"NP","score",9,3.58
"NP","score",10,3.58
"NP","score",11,3.58
"NP","score",12,3.58
"NP","score",14,3.58
"NP","score",15,3.58
"NP","score",16,3.58
"NP","score",17,3.58
"NP","status",0,2.47
"NP","status",1,2.47
"NP","status",2,2.47
"NP","status",3,2.47
"NP","status",4,2.47
"NP","status",5,2.47
"NP","status",6,2.47
"NP","status",7,2.47
"NP","status",8,2.47
"NP","status",9,2.47
"NP","status",10,2.47
"NP","status",11,2.47
"NP","status",12,2.47
"NP","status",14,2.47
"NP","status",15,2.47
"NP","status",16,2.47
"NP","status",17,2.47
"NP","trend",1,1
"NP","trend",2,1
"NP","trend",3,1
"NP","trend",4,1
"NP","trend",5,1
"NP","trend",6,1
"NP","trend",7,1
"NP","trend",8,1
"NP","trend",9,1
"NP","trend",10,1
"NP","trend",11,1
"NP","trend",12,1
"NP","trend",14,1
"NP","trend",15,1
"NP","trend",16,1
"NP","trend",17,1
"SP","future",0,85.62
"SP","future",1,85.62
"SP","future",2,85.62
"SP","future",3,85.62
"SP","future",4,85.62
"SP","future",5,85.62
"SP","future",6,85.62
"SP","future",7,85.62
"SP","future",8,85.62
"SP","future",9,85.62
"SP","future",10,85.62
"SP","future",11,85.62
"SP","future",12,85.62
"SP","future",14,85.62
"SP","future",15,85.62
"SP","future",16,85.62
"SP","future",17,85.62
"SP","pressures",1,
"SP","pressures",2,
"SP","pressures",3,
"SP","pressures",4,
"SP","pressures",5,
"SP","pressures",6,
"SP","pressures",7,
"SP","pressures",8,
"SP","pressures",9,
"SP","pressures",10,
"SP","pressures",11,
"SP","pressures",12,
"SP","pressures",14,
"SP","pressures",15,
"SP","pressures",16,
"SP","pressures",17,
"SP","resilience",1,
"SP","resilience",2,
"SP","resilience",3,
"SP","resilience",4,
"SP","resilience",5,
"SP","resilience",6,
"SP","resilience",7,
"SP","resilience",8,
"SP","resilience",9,
"SP","resilience",10,
"SP","resilience",11,
"SP","resilience",12,
"SP","resilience",14,
"SP","resilience",15,
"SP","resilience",16,
"SP","resilience",17,
"SP","score",0,79.21
"SP","score",1,79.21
"SP","score",2,79.21
"SP","score",3,79.21
"SP","score",4,79.21
"SP","score",5,79.21
"SP","score",6,79.21
"SP","score",7,79.21
"SP","score",8,79.21
"SP","score",9,79.21
"SP","score",10,79.21
"SP","score",11,79.21
"SP","score",12,79.21
"SP","score",14,79.21
"SP","score",15,79.21
"SP","score",16,79.21
"SP","score",17,79.21
"SP","status",0,72.8
"SP","status",1,72.8
"SP","status",2,72.8
"SP","status",3,72.8
"SP","status",4,72.8
"SP","status",5,72.8
"SP","status",6,72.8
"SP","status",7,72.8
"SP","status",8,72.8
"SP","status",9,72.8
"SP","status",10,72.8
"SP","status",11,72.8
"SP","status",12,72.8
"SP","status",14,72.8
"SP","status",15,72.8
"SP","status",16,72.8
"SP","status",17,72.8
"SP","trend",1,0.02
"SP","trend",2,0.02
"SP","trend",3,0.02
"SP","trend",4,0.02
"SP","trend",5,0.02
"SP","trend",6,0.02
"SP","trend",7,0.02
"SP","trend",8,0.02
"SP","trend",9,0.02
"SP","trend",10,0.02
"SP","trend",11,0.02
"SP","trend",12,0.02
"SP","trend",14,0.02
"SP","trend",15,0.02
"SP","trend",16,0.02
"SP","trend",17,0.02
"SPP","future",0,96.87
"SPP","future",1,96.87
"SPP","future",2,96.87
"SPP","future",3,96.87
"SPP","future",4,96.87
"SPP","future",5,96.87
"SPP","future",6,96.87
"SPP","future",7,96.87
"SPP","future",8,96.87
"SPP","future",9,96.87
"SPP","future",10,96.87
"SPP","future",11,96.87
"SPP","future",12,96.87
"SPP","future",14,96.87
"SPP","future",15,96.87
"SPP","future",16,96.87
"SPP","future",17,96.87
"SPP","pressures",1,36.54
"SPP","pressures",2,36.54
"SPP","pressures",3,36.54
"SPP","pressures",4,36.54
"SPP","pressures",5,36.54
"SPP","pressures",6,36.54
"SPP","pressures",7,36.54
"SPP","pressures",8,36.54
"SPP","pressures",9,36.54
"SPP","pressures",10,36.54
"SPP","pressures",11,36.54
"SPP","pressures",12,36.54
"SPP","pressures",14,36.54
"SPP","pressures",15,36.54
"SPP","pressures",16,36.54
"SPP","pressures",17,36.54
"SPP","resilience",1,78.32
"SPP","resilience",2,78.32
"SPP","resilience",3,78.32
"SPP","resilience",4,78.32
"SPP","resilience",5,78.32
"SPP","resilience",6,78.32
"SPP","resilience",7,78.32
"SPP","resilience",8,78.32
"SPP","resilience",9,78.32
"SPP","resilience",10,78.32
"SPP","resilience",11,78.32
"SPP","resilience",12,78.32
"SPP","resilience",14,78.32
"SPP","resilience",15,78.32
"SPP","resilience",16,78.32
"SPP","resilience",17,78.32
"SPP","score",0,94.76
"SPP","score",1,94.76
"SPP","score",2,94.76
"SPP","score",3,94.76
"SPP","score",4,94.76
"SPP","score",5,94.76
"SPP","score",6,94.76
"SPP","score",7,94.76
"SPP","score",8,94.76
"SPP","score",9,94.76
"SPP","score",10,94.76
"SPP","score",11,94.76
"SPP","score",12,94.76
"SPP","score",14,94.76
"SPP","score",15,94.76
"SPP","score",16,94.76
"SPP","score",17,94.76
"SPP","status",0,92.65
"SPP","status",1,92.65
"SPP","status",2,92.65
"SPP","status",3,92.65
"SPP","status",4,92.65
"SPP","status",5,92.65
"SPP","status",6,92.65
"SPP","status",7,92.65
"SPP","status",8,92.65
"SPP","status",9,92.65
"SPP","status",10,92.65
"SPP","status",11,92.65
"SPP","status",12,92.65
"SPP","status",14,92.65
"SPP","status",15,92.65
"SPP","status",16,92.65
"SPP","status",17,92.65
"SPP","trend",1,-0.14
"SPP","trend",2,-0.14
"SPP","trend",3,-0.14
"SPP","trend",4,-0.14
"SPP","trend",5,-0.14
"SPP","trend",6,-0.14
"SPP","trend",7,-0.14
"SPP","trend",8,-0.14
"SPP","trend",9,-0.14
"SPP","trend",10,-0.14
"SPP","trend",11,-0.14
"SPP","trend",12,-0.14
"SPP","trend",14,-0.14
"SPP","trend",15,-0.14
"SPP","trend",16,-0.14
"SPP","trend",17,-0.14
"TR","future",0,100
"TR","future",1,100
"TR","future",2,100
"TR","future",3,100
"TR","future",4,100
"TR","future",5,100
"TR","future",6,100
"TR","future",7,100
"TR","future",8,100
"TR","future",9,100
"TR","future",10,100
"TR","future",11,100
"TR","future",12,100
"TR","future",14,100
"TR","future",15,100
"TR","future",16,100
"TR","future",17,100
"TR","pressures",1,28.18
"TR","pressures",2,28.18
"TR","pressures",3,28.18
"TR","pressures",4,28.18
"TR","pressures",5,28.18
"TR","pressures",6,28.18
"TR","pressures",7,28.18
"TR","pressures",8,28.18
"TR","pressures",9,28.18
"TR","pressures",10,28.18
"TR","pressures",11,28.18
"TR","pressures",12,28.18
"TR","pressures",14,28.18
"TR","pressures",15,28.18
"TR","pressures",16,28.18
"TR","pressures",17,28.18
"TR","resilience",1,88.95
"TR","resilience",2,88.95
"TR","resilience",3,88.95
"TR","resilience",4,88.95
"TR","resilience",5,88.95
"TR","resilience",6,88.95
"TR","resilience",7,88.95
"TR","resilience",8,88.95
"TR","resilience",9,88.95
"TR","resilience",10,88.95
"TR","resilience",11,88.95
"TR","resilience",12,88.95
"TR","resilience",14,88.95
"TR","resilience",15,88.95
"TR","resilience",16,88.95
"TR","resilience",17,88.95
"TR","score",0,100
"TR","score",1,100
"TR","score",2,100
"TR","score",3,100
"TR","score",4,100
"TR","score",5,100
"TR","score",6,100
"TR","score",7,100
"TR","score",8,100
"TR","score",9,100
"TR","score",10,100
"TR","score",11,100
"TR","score",12,100
"TR","score",14,100
"TR","score",15,100
"TR","score",16,100
"TR","score",17,100
"TR","status",0,100
"TR","status",1,100
"TR","status",2,100
"TR","status",3,100
"TR","status",4,100
"TR","status",5,100
"TR","status",6,100
"TR","status",7,100
"TR","status",8,100
"TR","status",9,100
"TR","status",10,100
"TR","status",11,100
"TR","status",12,100
"TR","status",14,100
"TR","status",15,100
"TR","status",16,100
"TR","status",17,100
"TR","trend",1,0
"TR","trend",2,0
"TR","trend",3,0
"TR","trend",4,0
"TR","trend",5,0
"TR","trend",6,0
"TR","trend",7,0
"TR","trend",8,0
"TR","trend",9,0
"TR","trend",10,0
"TR","trend",11,0
"TR","trend",12,0
"TR","trend",14,0
"TR","trend",15,0
"TR","trend",16,0
"TR","trend",17,0
